id,sender,receiver,amount,type,timestamp
e12eba8d-9b28-4a92-841e-d06080de368c,adam,,,Login,2024-12-11T19:03:24.608928
a27892be-5112-46b1-9004-87437a048f02,muiz,,,Login,2024-12-12T10:44:08.597641
eae960bb-02a4-4e4e-b02b-3322767bdd81,adam,,,Login,2024-12-12T14:03:51.405524
8edadd0f-6133-4634-8d55-486095ca38dd,muiz,,,Login,2024-12-12T14:06:39.114453
fc6494a1-9c4d-485c-be6e-1fbab05deaaf,adam,,,Login,2024-12-12T14:07:05.694660
16d98153-e7a6-438a-b851-3d67f362f356,muiz,,,Login,2024-12-12T14:10:32.250047
349b21f6-1875-495e-82ac-6798cd61d4cf,adam,,,Login,2024-12-12T14:11:02.286391
5a1bffbf-0693-470e-9079-dceb4b7a4d93,adam,,,Login,2024-12-12T14:13:30.248362
6c39f4ea-c8a1-471e-a9f3-e67318f66899,muiz,,,Login,2024-12-12T14:20:36.058528
3aa56103-0291-4210-8644-f5401dcb4f6f,muiz,,,Login,2024-12-12T15:01:12.008869
a6f31a88-73df-4355-bc7e-28c91721b90c,adam,,,Login,2024-12-12T15:07:39.393415
a6f31a88-73df-4355-bc7e-28c91721b90c,adam,,,Login,2024-12-12T15:07:39.393415
84738c1e-15bb-4d11-a3af-7d1d6503b4a9,adam,adam,250.0,Transfer,2024-12-12T15:07:56.315480
57f37a36-d483-4b50-9ab8-027fce670316,adam,,,Login,2024-12-12T15:12:16.206299
57f37a36-d483-4b50-9ab8-027fce670316,adam,,,Login,2024-12-12T15:12:16.206299
25ccee6d-e7cd-4d1d-9895-7ee99ef552c1,adam,,,Login,2024-12-12T15:17:39.416129
a69daadc-9515-4abf-9429-4baadb711857,adam,,,Login,2024-12-12T15:23:42.898418
89b7cb57-1c7e-4323-958d-a37b11ef5d15,muiz,,,Login,2024-12-12T15:26:52.538939
89b7cb57-1c7e-4323-958d-a37b11ef5d15,muiz,,,Login,2024-12-12T15:26:52.538939
c353819e-0d51-4305-bdf8-ce9d09b7234e,muiz,adam,250.0,Transfer,2024-12-12T15:27:08.389234
89b7cb57-1c7e-4323-958d-a37b11ef5d15,muiz,,,Login,2024-12-12T15:26:52.538939
c353819e-0d51-4305-bdf8-ce9d09b7234e,muiz,adam,250.0,Transfer,2024-12-12T15:27:08.389234
80de6882-2ffe-44fa-ac1e-e1ac378db11a,adam,,,Login,2024-12-12T15:30:16.163738
59465cc3-5a19-42b1-b793-618313a432c0,adam,,,Login,2024-12-12T15:31:03.597217
59465cc3-5a19-42b1-b793-618313a432c0,adam,,,Login,2024-12-12T15:31:03.597217
81f27698-990e-466b-a5c8-87d0510c8d39,adam,muiz,250.0,Transfer,2024-12-12T15:32:07.774302
47976782-4f63-47a9-94dc-e4270c11a6a0,adam,,,Login,2024-12-21T10:56:32.648017
47976782-4f63-47a9-94dc-e4270c11a6a0,adam,,,Login,2024-12-21T10:56:32.648017
09b1baae-abad-4364-8401-22f753802f36,jannat,,,Login,2024-12-21T10:59:41.325594
47976782-4f63-47a9-94dc-e4270c11a6a0,adam,,,Login,2024-12-21T10:56:32.648017
09b1baae-abad-4364-8401-22f753802f36,jannat,,,Login,2024-12-21T10:59:41.325594
26a2c843-922e-487a-b2dc-5cfa873c6eaf,muiz,,,Login,2024-12-21T11:01:26.093997
47976782-4f63-47a9-94dc-e4270c11a6a0,adam,,,Login,2024-12-21T10:56:32.648017
09b1baae-abad-4364-8401-22f753802f36,jannat,,,Login,2024-12-21T10:59:41.325594
26a2c843-922e-487a-b2dc-5cfa873c6eaf,muiz,,,Login,2024-12-21T11:01:26.093997
86b9353f-14ac-4e94-81fa-5c3e2d5635fc,muiz,jannat,20000.0,Transfer,2024-12-21T11:01:58.038836
1ceaf9cc-59c9-407f-a2e4-b58b6675003c,adam,,,Login,2024-12-21T11:51:22.937885
1ceaf9cc-59c9-407f-a2e4-b58b6675003c,adam,,,Login,2024-12-21T11:51:22.937885
91fc1ec3-4373-4632-87e8-4df72c240ad3,adam,jannat,1234.0,Transfer,2024-12-21T11:53:06.781404
4fa1af6b-ecca-4327-bba0-cb0c494eae2a,adam,,,Login,2024-12-21T13:05:00.792163
2852cc2b-71a0-46d2-ba6f-e9f68fe0f207,adam,,,Login,2024-12-21T13:13:10.761402
033336b5-945c-4c41-b73e-133459de2540,adam,,,Login,2024-12-21T13:21:05.014209
33072c8b-7064-43eb-b40a-374b3269fad1,adam,,,Login,2024-12-21T13:26:24.495664
d70b573f-5486-4c0c-a922-97acb3ebba73,adam,,,Login,2024-12-23T00:26:48.133478
d4b9e6c7-8952-43f5-923e-b5e027afb70f,adam,,,Login,2024-12-23T00:33:03.413624
d4b9e6c7-8952-43f5-923e-b5e027afb70f,adam,,,Login,2024-12-23T00:33:03.413624
56abd644-9e2e-40e2-af81-09fff149e3e9,adam,jannat,200.0,Transfer,2024-12-23T00:33:47.752349
d4b9e6c7-8952-43f5-923e-b5e027afb70f,adam,,,Login,2024-12-23T00:33:03.413624
56abd644-9e2e-40e2-af81-09fff149e3e9,adam,jannat,200.0,Transfer,2024-12-23T00:33:47.752349
fdfb702e-bdeb-409f-a17e-0df434214a28,adam,muiz,250.0,Transfer,2024-12-23T00:34:10.414921
3ff44bc4-fa18-45a5-9779-5146a67423fc,adam,,,Login,2024-12-23T00:38:31.633167
c9c80906-4216-42fd-acfe-cf433d78b4c2,adam,,,Login,2024-12-23T00:46:57.941466
c9c80906-4216-42fd-acfe-cf433d78b4c2,adam,,,Login,2024-12-23T00:46:57.941466
6ecf1f3b-4e83-47a7-ab2e-04329207466f,adam,muiz,500.0,Transfer,2024-12-23T00:47:54.840884
cf30fd58-a37c-444f-a861-6f6b84078c70,adam,,,Login,2024-12-26T17:22:24.986730
cf30fd58-a37c-444f-a861-6f6b84078c70,adam,,,Login,2024-12-26T17:22:24.986730
1e2af21c-7a2d-4fa9-be2e-53ac014b062d,adam,muiz,1000.0,Transfer,2024-12-26T17:22:57.173422
cf30fd58-a37c-444f-a861-6f6b84078c70,adam,,,Login,2024-12-26T17:22:24.986730
1e2af21c-7a2d-4fa9-be2e-53ac014b062d,adam,muiz,1000.0,Transfer,2024-12-26T17:22:57.173422
369ea74e-0597-4c3d-8330-2cecda18e4d4,jannat,,,Login,2024-12-26T17:29:25.117784
860c7419-25f5-4f48-99a9-5a4e3e1d2064,muiz,,,Login,2024-12-26T18:00:18.462824
860c7419-25f5-4f48-99a9-5a4e3e1d2064,muiz,,,Login,2024-12-26T18:00:18.462824
2aa48126-abeb-4b4f-856e-3998df089e43,muiz,adam,32000.0,Transfer,2024-12-26T18:01:43.485048
8947a186-fd63-40a3-8617-d76a836d6ed8,adam,,,Login,2024-12-26T22:10:13.320212
8947a186-fd63-40a3-8617-d76a836d6ed8,adam,,,Login,2024-12-26T22:10:13.320212
de43a26d-cf39-4a1c-82e0-7f189bf9fab7,adam,muiz,35000.0,Transfer,2024-12-26T22:10:30.495659
8a8a5165-a9b0-4d97-930a-05819ecb3555,adam,,,Login,2024-12-26T22:16:20.008684
97767d2c-c325-461f-a099-ef4dfc9302fd,adam,,,Login,2024-12-26T22:17:23.800056
7f092912-5337-4d16-8415-57147421a1c2,adam,,,Login,2024-12-26T22:29:21.823813
ae5433ec-7ebf-4b35-ae8d-f9849b05b33c,adam,,,Login,2024-12-26T22:30:18.704266
1e5a6091-a892-48ea-be23-00e69e340f7b,adam,,,Login,2024-12-26T22:31:25.677300
